spriteNumber,14

it_xkrabbit,0
trigger,regenTick
target,ttrg_player_self
quickPattern,tpat_hb_square_set_var,varIndex,0,amount,0
condition,tcond_eval,tp0_xpos,>,999
quickPattern,tpat_hb_square_set_var,varIndex,0,amount,1

it_xrabbit,0
trigger,regenTick
target,ttrg_player_self
quickPattern,tpat_hb_square_set_var,varIndex,0,amount,tp0_xpos
condition,tcond_eval,tp0_xpos,>,999
set,tset_uservar,u_val,tp0_xpos,-,1000
quickPattern,tpat_hb_square_set_var,varIndex,0,amount,u_val

it_ykrabbit,1
trigger,regenTick
target,ttrg_player_self
quickPattern,tpat_hb_square_set_var,varIndex,0,amount,0
condition,tcond_eval,tp0_ypos,>,999
quickPattern,tpat_hb_square_set_var,varIndex,0,amount,1

it_yrabbit,1
trigger,regenTick
target,ttrg_player_self
quickPattern,tpat_hb_square_set_var,varIndex,0,amount,tp0_ypos
condition,tcond_eval,tp0_ypos,>,999
set,tset_uservar,u_val,tp0_ypos,-,1000
quickPattern,tpat_hb_square_set_var,varIndex,0,amount,u_val

it_1sqrabbit,2
trigger,onSquarePickup,tcond_square_self
target,ttrg_hotbarslots_self_loot
target,ttrg_hotbarslots_prune,ths#_dataId,==,ths0_dataId
quickPattern,tpat_hb_square_set_var,varIndex,1,amount,0

trigger,regenTick
target,ttrg_hotbarslots_self_loot
target,ttrg_hotbarslots_prune,ths#_dataId,==,ths0_dataId
set,tset_uservar_sqvar,u_v,1
target,ttrg_hotbarslot_self
quickPattern,tpat_hb_square_set_var,varIndex,0,amount,u_v

it_2sqrabbit,3
trigger,onSquarePickup,tcond_square_self
target,ttrg_hotbarslots_self_loot
target,ttrg_hotbarslots_prune,ths#_dataId,==,ths0_dataId
quickPattern,tpat_hb_square_set_var,varIndex,2,amount,0

trigger,regenTick
target,ttrg_hotbarslots_self_loot
target,ttrg_hotbarslots_prune,ths#_dataId,==,ths0_dataId
set,tset_uservar_sqvar,u_v,2
target,ttrg_hotbarslot_self
quickPattern,tpat_hb_square_set_var,varIndex,0,amount,u_v

it_3sqrabbit,4
trigger,onSquarePickup,tcond_square_self
target,ttrg_hotbarslots_self_loot
target,ttrg_hotbarslots_prune,ths#_dataId,==,ths0_dataId
quickPattern,tpat_hb_square_set_var,varIndex,3,amount,0

trigger,regenTick
target,ttrg_hotbarslots_self_loot
target,ttrg_hotbarslots_prune,ths#_dataId,==,ths0_dataId
set,tset_uservar_sqvar,u_v,3
target,ttrg_hotbarslot_self
quickPattern,tpat_hb_square_set_var,varIndex,0,amount,u_v

it_0book,6
trigger,regenTick
target,ttrg_hotbarslots_self_loot
target,ttrg_hotbarslots_prune,ths#_dataId,==,ths0_dataId
set,tset_uservar,u_v,ths0_vars0
target,ttrg_hotbarslot_self
quickPattern,tpat_hb_square_set_var,varIndex,0,amount,u_v

it_1book,7
trigger,regenTick
target,ttrg_hotbarslots_self_loot
target,ttrg_hotbarslots_prune,ths#_dataId,==,ths0_dataId
set,tset_uservar,u_v,ths0_vars1
target,ttrg_hotbarslot_self
quickPattern,tpat_hb_square_set_var,varIndex,0,amount,u_v

it_2book,8
trigger,regenTick
target,ttrg_hotbarslots_self_loot
target,ttrg_hotbarslots_prune,ths#_dataId,==,ths0_dataId
set,tset_uservar,u_v,ths0_vars2
target,ttrg_hotbarslot_self
quickPattern,tpat_hb_square_set_var,varIndex,0,amount,u_v

it_3book,9
trigger,regenTick
target,ttrg_hotbarslots_self_loot
target,ttrg_hotbarslots_prune,ths#_dataId,==,ths0_dataId
set,tset_uservar,u_v,ths0_vars3
target,ttrg_hotbarslot_self
quickPattern,tpat_hb_square_set_var,varIndex,0,amount,u_v

it_var_ex_loot,10
trigger,autoStart
target,ttrg_hotbarslot_self
quickPattern,tpat_hb_inc_var,varIndex,0,amount,10
quickPattern,tpat_hb_inc_var,varIndex,1,amount,20
quickPattern,tpat_hb_inc_var,varIndex,2,amount,30
quickPattern,tpat_hb_inc_var,varIndex,3,amount,40
quickPattern,tpat_hb_flash_item
quickPattern,tpat_hb_square_set_var,varIndex,0,amount,1
quickPattern,tpat_hb_square_set_var,varIndex,1,amount,2
quickPattern,tpat_hb_square_set_var,varIndex,2,amount,3
quickPattern,tpat_hb_square_set_var,varIndex,3,amount,4

trigger,hotbarUsedProc
condition,tcond_hb_primary
target,ttrg_hotbarslot_self
set,tset_uservar,u_a,5,*,2
quickPattern,tpat_hb_inc_var,varIndex,0,amount,u_a
quickPattern,tpat_hb_square_set_var,varIndex,0,amount,10
condition,tcond_eval,u_a,>=,0
quickPattern,tpat_hb_flash_item

it_data_id_scanner,12
trigger,onSquarePickup
target,ttrg_hotbarslot_self
quickPattern,tpat_hb_square_set_var,varIndex,0,amount,s_dtId



it_atk_pat_sampler,11
trigger,none
"You can set hbs/strMult in Items.ini. Setting strMult to 0 switches targets to allies"
"Ancient patterns tend to cause crashes without the pet, so they have been shifted to the back"

trigger,hotbarUsedProc,tcond_hb_primary
target,ttrg_hotbarslot_self
quickPattern,tpat_hb_square_add_var,varIndex,0,amount,-1,minAmount,0

trigger,hotbarUsedProc,tcond_hb_secondary
target,ttrg_hotbarslot_self
quickPattern,tpat_hb_square_add_var,varIndex,0,amount,1,minAmount,0

trigger,hotbarUsedProc,tcond_hb_special
target,ttrg_hotbarslot_self
quickPattern,tpat_hb_square_add_var,varIndex,0,amount,-5,minAmount,0

trigger,hotbarUsedProc,tcond_hb_defensive
target,ttrg_hotbarslot_self
quickPattern,tpat_hb_square_add_var,varIndex,0,amount,10,minAmount,0


trigger,regenTick
target,ttrg_hotbarslot_self
condition,tcond_hb_check_square_var,0,0
set,tset_uservar_switch,u_team,ths0_strengthMult,1,0,0
target,ttrg_players_all
target,ttrg_players_prune,tp#_teamId,==,u_team
set,tset_strength_def
set,tset_hbs_def
addPattern,hpat_bleed,amount,1,time,1000,duration,1000

trigger,regenTick
target,ttrg_hotbarslot_self
condition,tcond_hb_check_square_var,0,1
set,tset_uservar_switch,u_team,ths0_strengthMult,1,0,0
target,ttrg_players_all
target,ttrg_players_prune,tp#_teamId,==,u_team
set,tset_strength_def
set,tset_hbs_def
addPattern,hpat_burn,amount,1,time,1000,duration,1000

trigger,regenTick
target,ttrg_hotbarslot_self
condition,tcond_hb_check_square_var,0,2
set,tset_uservar_switch,u_team,ths0_strengthMult,1,0,0
target,ttrg_players_all
target,ttrg_players_prune,tp#_teamId,==,u_team
set,tset_strength_def
set,tset_hbs_def
addPattern,hpat_curse,amount,1,time,1000,duration,1000

trigger,regenTick
target,ttrg_hotbarslot_self
condition,tcond_hb_check_square_var,0,3
set,tset_uservar_switch,u_team,ths0_strengthMult,1,0,0
target,ttrg_players_all
target,ttrg_players_prune,tp#_teamId,==,u_team
set,tset_strength_def
set,tset_hbs_def
addPattern,hpat_poison,amount,1,time,1000,duration,1000

trigger,regenTick
target,ttrg_hotbarslot_self
condition,tcond_hb_check_square_var,0,4
set,tset_uservar_switch,u_team,ths0_strengthMult,1,0,0
target,ttrg_players_all
target,ttrg_players_prune,tp#_teamId,==,u_team
set,tset_strength_def
set,tset_hbs_def
addPattern,hpat_spark,amount,1,time,1000,duration,1000

trigger,regenTick
target,ttrg_hotbarslot_self
condition,tcond_hb_check_square_var,0,5
set,tset_uservar_switch,u_team,ths0_strengthMult,1,0,0
target,ttrg_players_all
target,ttrg_players_prune,tp#_teamId,==,u_team
set,tset_strength_def
set,tset_hbs_def
addPattern,ipat_starflash_hbs,amount,1,time,1000,duration,1000

trigger,regenTick
target,ttrg_hotbarslot_self
condition,tcond_hb_check_square_var,0,6
set,tset_uservar_switch,u_team,ths0_strengthMult,1,0,0
target,ttrg_players_all
target,ttrg_players_prune,tp#_teamId,==,u_team
set,tset_strength_def
set,tset_hbs_def
addPattern,ipat_erase_area_hbs,amount,1,time,1000,duration,1000

trigger,regenTick
target,ttrg_hotbarslot_self
condition,tcond_hb_check_square_var,0,7
set,tset_uservar_switch,u_team,ths0_strengthMult,1,0,0
target,ttrg_players_all
target,ttrg_players_prune,tp#_teamId,==,u_team
set,tset_strength_def
set,tset_hbs_def
addPattern,ipat_apply_hbs,amount,1,time,1000,duration,1000

trigger,regenTick
target,ttrg_hotbarslot_self
condition,tcond_hb_check_square_var,0,8
set,tset_uservar_switch,u_team,ths0_strengthMult,1,0,0
target,ttrg_players_all
target,ttrg_players_prune,tp#_teamId,==,u_team
set,tset_strength_def
set,tset_hbs_def
addPattern,ipat_apply_hbs_starflash,amount,1,time,1000,duration,1000

trigger,regenTick
target,ttrg_hotbarslot_self
condition,tcond_hb_check_square_var,0,9
set,tset_uservar_switch,u_team,ths0_strengthMult,1,0,0
target,ttrg_players_all
target,ttrg_players_prune,tp#_teamId,==,u_team
set,tset_strength_def
set,tset_hbs_def
addPattern,ipat_apply_invuln,amount,1,time,1000,duration,1000

trigger,regenTick
target,ttrg_hotbarslot_self
condition,tcond_hb_check_square_var,0,10
set,tset_uservar_switch,u_team,ths0_strengthMult,1,0,0
target,ttrg_players_all
target,ttrg_players_prune,tp#_teamId,==,u_team
set,tset_strength_def
set,tset_hbs_def
addPattern,ipat_black_wakizashi,amount,1,time,1000,duration,1000

trigger,regenTick
target,ttrg_hotbarslot_self
condition,tcond_hb_check_square_var,0,11
set,tset_uservar_switch,u_team,ths0_strengthMult,1,0,0
target,ttrg_players_all
target,ttrg_players_prune,tp#_teamId,==,u_team
set,tset_strength_def
set,tset_hbs_def
addPattern,ipat_blackhole_charm,amount,1,time,1000,duration,1000

trigger,regenTick
target,ttrg_hotbarslot_self
condition,tcond_hb_check_square_var,0,12
set,tset_uservar_switch,u_team,ths0_strengthMult,1,0,0
target,ttrg_players_all
target,ttrg_players_prune,tp#_teamId,==,u_team
set,tset_strength_def
set,tset_hbs_def
addPattern,ipat_blue_rose,amount,1,time,1000,duration,1000

trigger,regenTick
target,ttrg_hotbarslot_self
condition,tcond_hb_check_square_var,0,13
set,tset_uservar_switch,u_team,ths0_strengthMult,1,0,0
target,ttrg_players_all
target,ttrg_players_prune,tp#_teamId,==,u_team
set,tset_strength_def
set,tset_hbs_def
addPattern,ipat_butterly_ocarina,amount,1,time,1000,duration,1000

trigger,regenTick
target,ttrg_hotbarslot_self
condition,tcond_hb_check_square_var,0,14
set,tset_uservar_switch,u_team,ths0_strengthMult,1,0,0
target,ttrg_players_all
target,ttrg_players_prune,tp#_teamId,==,u_team
set,tset_strength_def
set,tset_hbs_def
addPattern,ipat_crown_of_storms,amount,1,time,1000,duration,1000

trigger,regenTick
target,ttrg_hotbarslot_self
condition,tcond_hb_check_square_var,0,15
set,tset_uservar_switch,u_team,ths0_strengthMult,1,0,0
target,ttrg_players_all
target,ttrg_players_prune,tp#_teamId,==,u_team
set,tset_strength_def
set,tset_hbs_def
addPattern,ipat_curse_talon,amount,1,time,1000,duration,1000

trigger,regenTick
target,ttrg_hotbarslot_self
condition,tcond_hb_check_square_var,0,16
set,tset_uservar_switch,u_team,ths0_strengthMult,1,0,0
target,ttrg_players_all
target,ttrg_players_prune,tp#_teamId,==,u_team
set,tset_strength_def
set,tset_hbs_def
addPattern,ipat_darkmagic_blade,amount,1,time,1000,duration,1000

trigger,regenTick
target,ttrg_hotbarslot_self
condition,tcond_hb_check_square_var,0,17
set,tset_uservar_switch,u_team,ths0_strengthMult,1,0,0
target,ttrg_players_all
target,ttrg_players_prune,tp#_teamId,==,u_team
set,tset_strength_def
set,tset_hbs_def
addPattern,ipat_divine_mirror,amount,1,time,1000,duration,1000

trigger,regenTick
target,ttrg_hotbarslot_self
condition,tcond_hb_check_square_var,0,18
set,tset_uservar_switch,u_team,ths0_strengthMult,1,0,0
target,ttrg_players_all
target,ttrg_players_prune,tp#_teamId,==,u_team
set,tset_strength_def
set,tset_hbs_def
addPattern,ipat_floral_bow,amount,1,time,1000,duration,1000

trigger,regenTick
target,ttrg_hotbarslot_self
condition,tcond_hb_check_square_var,0,19
set,tset_uservar_switch,u_team,ths0_strengthMult,1,0,0
target,ttrg_players_all
target,ttrg_players_prune,tp#_teamId,==,u_team
set,tset_strength_def
set,tset_hbs_def
addPattern,ipat_garnet_staff,amount,1,time,1000,duration,1000

trigger,regenTick
target,ttrg_hotbarslot_self
condition,tcond_hb_check_square_var,0,20
set,tset_uservar_switch,u_team,ths0_strengthMult,1,0,0
target,ttrg_players_all
target,ttrg_players_prune,tp#_teamId,==,u_team
set,tset_strength_def
set,tset_hbs_def
addPattern,ipat_heal_light,amount,1,time,1000,duration,1000

trigger,regenTick
target,ttrg_hotbarslot_self
condition,tcond_hb_check_square_var,0,21
set,tset_uservar_switch,u_team,ths0_strengthMult,1,0,0
target,ttrg_players_all
target,ttrg_players_prune,tp#_teamId,==,u_team
set,tset_strength_def
set,tset_hbs_def
addPattern,ipat_heal_light_maxhealth,amount,1,time,1000,duration,1000

trigger,regenTick
target,ttrg_hotbarslot_self
condition,tcond_hb_check_square_var,0,22
set,tset_uservar_switch,u_team,ths0_strengthMult,1,0,0
target,ttrg_players_all
target,ttrg_players_prune,tp#_teamId,==,u_team
set,tset_strength_def
set,tset_hbs_def
addPattern,ipat_heal_revive,amount,1,time,1000,duration,1000

trigger,regenTick
target,ttrg_hotbarslot_self
condition,tcond_hb_check_square_var,0,23
set,tset_uservar_switch,u_team,ths0_strengthMult,1,0,0
target,ttrg_players_all
target,ttrg_players_prune,tp#_teamId,==,u_team
set,tset_strength_def
set,tset_hbs_def
addPattern,ipat_hydrous_blob,amount,1,time,1000,duration,1000

trigger,regenTick
target,ttrg_hotbarslot_self
condition,tcond_hb_check_square_var,0,24
set,tset_uservar_switch,u_team,ths0_strengthMult,1,0,0
target,ttrg_players_all
target,ttrg_players_prune,tp#_teamId,==,u_team
set,tset_strength_def
set,tset_hbs_def
addPattern,ipat_lullaby_harp,amount,1,time,1000,duration,1000

trigger,regenTick
target,ttrg_hotbarslot_self
condition,tcond_hb_check_square_var,0,25
set,tset_uservar_switch,u_team,ths0_strengthMult,1,0,0
target,ttrg_players_all
target,ttrg_players_prune,tp#_teamId,==,u_team
set,tset_strength_def
set,tset_hbs_def
addPattern,ipat_magic_hit,amount,1,time,1000,duration,1000

trigger,regenTick
target,ttrg_hotbarslot_self
condition,tcond_hb_check_square_var,0,26
set,tset_uservar_switch,u_team,ths0_strengthMult,1,0,0
target,ttrg_players_all
target,ttrg_players_prune,tp#_teamId,==,u_team
set,tset_strength_def
set,tset_hbs_def
addPattern,ipat_melee_hit,amount,1,time,1000,duration,1000

trigger,regenTick
target,ttrg_hotbarslot_self
condition,tcond_hb_check_square_var,0,27
set,tset_uservar_switch,u_team,ths0_strengthMult,1,0,0
target,ttrg_players_all
target,ttrg_players_prune,tp#_teamId,==,u_team
set,tset_strength_def
set,tset_hbs_def
addPattern,ipat_meteor_staff,amount,1,time,1000,duration,1000

trigger,regenTick
target,ttrg_hotbarslot_self
condition,tcond_hb_check_square_var,0,28
set,tset_uservar_switch,u_team,ths0_strengthMult,1,0,0
target,ttrg_players_all
target,ttrg_players_prune,tp#_teamId,==,u_team
set,tset_strength_def
set,tset_hbs_def
addPattern,ipat_moon_pendant,amount,1,time,1000,duration,1000

trigger,regenTick
target,ttrg_hotbarslot_self
condition,tcond_hb_check_square_var,0,29
set,tset_uservar_switch,u_team,ths0_strengthMult,1,0,0
target,ttrg_players_all
target,ttrg_players_prune,tp#_teamId,==,u_team
set,tset_strength_def
set,tset_hbs_def
addPattern,ipat_nightstar_grimoire,amount,1,time,1000,duration,1000

trigger,regenTick
target,ttrg_hotbarslot_self
condition,tcond_hb_check_square_var,0,30
set,tset_uservar_switch,u_team,ths0_strengthMult,1,0,0
target,ttrg_players_all
target,ttrg_players_prune,tp#_teamId,==,u_team
set,tset_strength_def
set,tset_hbs_def
addPattern,ipat_ornamental_bell,amount,1,time,1000,duration,1000

trigger,regenTick
target,ttrg_hotbarslot_self
condition,tcond_hb_check_square_var,0,31
set,tset_uservar_switch,u_team,ths0_strengthMult,1,0,0
target,ttrg_players_all
target,ttrg_players_prune,tp#_teamId,==,u_team
set,tset_strength_def
set,tset_hbs_def
addPattern,ipat_phoenix_charm,amount,1,time,1000,duration,1000

trigger,regenTick
target,ttrg_hotbarslot_self
condition,tcond_hb_check_square_var,0,32
set,tset_uservar_switch,u_team,ths0_strengthMult,1,0,0
target,ttrg_players_all
target,ttrg_players_prune,tp#_teamId,==,u_team
set,tset_strength_def
set,tset_hbs_def
addPattern,ipat_poisonfrog_charm,amount,1,time,1000,duration,1000

trigger,regenTick
target,ttrg_hotbarslot_self
condition,tcond_hb_check_square_var,0,33
set,tset_uservar_switch,u_team,ths0_strengthMult,1,0,0
target,ttrg_players_all
target,ttrg_players_prune,tp#_teamId,==,u_team
set,tset_strength_def
set,tset_hbs_def
addPattern,ipat_potion_throw,amount,1,time,1000,duration,1000

trigger,regenTick
target,ttrg_hotbarslot_self
condition,tcond_hb_check_square_var,0,34
set,tset_uservar_switch,u_team,ths0_strengthMult,1,0,0
target,ttrg_players_all
target,ttrg_players_prune,tp#_teamId,==,u_team
set,tset_strength_def
set,tset_hbs_def
addPattern,ipat_pulse_damage,amount,1,time,1000,duration,1000

trigger,regenTick
target,ttrg_hotbarslot_self
condition,tcond_hb_check_square_var,0,35
set,tset_uservar_switch,u_team,ths0_strengthMult,1,0,0
target,ttrg_players_all
target,ttrg_players_prune,tp#_teamId,==,u_team
set,tset_strength_def
set,tset_hbs_def
addPattern,ipat_reaper_cloak,amount,1,time,1000,duration,1000

trigger,regenTick
target,ttrg_hotbarslot_self
condition,tcond_hb_check_square_var,0,36
set,tset_uservar_switch,u_team,ths0_strengthMult,1,0,0
target,ttrg_players_all
target,ttrg_players_prune,tp#_teamId,==,u_team
set,tset_strength_def
set,tset_hbs_def
addPattern,ipat_red_tanzaku,amount,1,time,1000,duration,1000

trigger,regenTick
target,ttrg_hotbarslot_self
condition,tcond_hb_check_square_var,0,37
set,tset_uservar_switch,u_team,ths0_strengthMult,1,0,0
target,ttrg_players_all
target,ttrg_players_prune,tp#_teamId,==,u_team
set,tset_strength_def
set,tset_hbs_def
addPattern,ipat_sleeping_greatbow,amount,1,time,1000,duration,1000

trigger,regenTick
target,ttrg_hotbarslot_self
condition,tcond_hb_check_square_var,0,38
set,tset_uservar_switch,u_team,ths0_strengthMult,1,0,0
target,ttrg_players_all
target,ttrg_players_prune,tp#_teamId,==,u_team
set,tset_strength_def
set,tset_hbs_def
addPattern,ipat_sparrow_feather,amount,1,time,1000,duration,1000

trigger,regenTick
target,ttrg_hotbarslot_self
condition,tcond_hb_check_square_var,0,39
set,tset_uservar_switch,u_team,ths0_strengthMult,1,0,0
target,ttrg_players_all
target,ttrg_players_prune,tp#_teamId,==,u_team
set,tset_strength_def
set,tset_hbs_def
addPattern,ipat_starflash,amount,1,time,1000,duration,1000

trigger,regenTick
target,ttrg_hotbarslot_self
condition,tcond_hb_check_square_var,0,40
set,tset_uservar_switch,u_team,ths0_strengthMult,1,0,0
target,ttrg_players_all
target,ttrg_players_prune,tp#_teamId,==,u_team
set,tset_strength_def
set,tset_hbs_def
addPattern,ipat_starflash_failure,amount,1,time,1000,duration,1000

trigger,regenTick
target,ttrg_hotbarslot_self
condition,tcond_hb_check_square_var,0,41
set,tset_uservar_switch,u_team,ths0_strengthMult,1,0,0
target,ttrg_players_all
target,ttrg_players_prune,tp#_teamId,==,u_team
set,tset_strength_def
set,tset_hbs_def
addPattern,ipat_thiefs_coat,amount,1,time,1000,duration,1000

trigger,regenTick
target,ttrg_hotbarslot_self
condition,tcond_hb_check_square_var,0,42
set,tset_uservar_switch,u_team,ths0_strengthMult,1,0,0
target,ttrg_players_all
target,ttrg_players_prune,tp#_teamId,==,u_team
set,tset_strength_def
set,tset_hbs_def
addPattern,ipat_timewarp_wand,amount,1,time,1000,duration,1000

trigger,regenTick
target,ttrg_hotbarslot_self
condition,tcond_hb_check_square_var,0,43
set,tset_uservar_switch,u_team,ths0_strengthMult,1,0,0
target,ttrg_players_all
target,ttrg_players_prune,tp#_teamId,==,u_team
set,tset_strength_def
set,tset_hbs_def
addPattern,ipat_topaz_charm,amount,1,time,1000,duration,1000

trigger,regenTick
target,ttrg_hotbarslot_self
condition,tcond_hb_check_square_var,0,44
set,tset_uservar_switch,u_team,ths0_strengthMult,1,0,0
target,ttrg_players_all
target,ttrg_players_prune,tp#_teamId,==,u_team
set,tset_strength_def
set,tset_hbs_def
addPattern,ipat_winged_cap,amount,1,time,1000,duration,1000

trigger,regenTick
target,ttrg_hotbarslot_self
condition,tcond_hb_check_square_var,0,45
set,tset_uservar_switch,u_team,ths0_strengthMult,1,0,0
target,ttrg_players_all
target,ttrg_players_prune,tp#_teamId,==,u_team
set,tset_strength_def
set,tset_hbs_def
addPattern,ipat_light_shield,amount,1,time,1000,duration,1000

trigger,regenTick
target,ttrg_hotbarslot_self
condition,tcond_hb_check_square_var,0,46
set,tset_uservar_switch,u_team,ths0_strengthMult,1,0,0
target,ttrg_players_all
target,ttrg_players_prune,tp#_teamId,==,u_team
set,tset_strength_def
set,tset_hbs_def
addPattern,ipat_dark_shield,amount,1,time,1000,duration,1000
"ANCIENT PATTERNS BREAK W/OUT ANCIENT'S PET; MOVING TO END (144)"


trigger,regenTick
target,ttrg_hotbarslot_self
condition,tcond_hb_check_square_var,0,47
set,tset_uservar_switch,u_team,ths0_strengthMult,1,0,0
target,ttrg_players_all
target,ttrg_players_prune,tp#_teamId,==,u_team
set,tset_strength_def
set,tset_hbs_def
addPattern,ipat_assassin_0,amount,1,time,1000,duration,1000

trigger,regenTick
target,ttrg_hotbarslot_self
condition,tcond_hb_check_square_var,0,48
set,tset_uservar_switch,u_team,ths0_strengthMult,1,0,0
target,ttrg_players_all
target,ttrg_players_prune,tp#_teamId,==,u_team
set,tset_strength_def
set,tset_hbs_def
addPattern,ipat_assassin_0_ruby,amount,1,time,1000,duration,1000

trigger,regenTick
target,ttrg_hotbarslot_self
condition,tcond_hb_check_square_var,0,49
set,tset_uservar_switch,u_team,ths0_strengthMult,1,0,0
target,ttrg_players_all
target,ttrg_players_prune,tp#_teamId,==,u_team
set,tset_strength_def
set,tset_hbs_def
addPattern,ipat_assassin_1,amount,1,time,1000,duration,1000

trigger,regenTick
target,ttrg_hotbarslot_self
condition,tcond_hb_check_square_var,0,50
set,tset_uservar_switch,u_team,ths0_strengthMult,1,0,0
target,ttrg_players_all
target,ttrg_players_prune,tp#_teamId,==,u_team
set,tset_strength_def
set,tset_hbs_def
addPattern,ipat_assassin_1_garnet,amount,1,time,1000,duration,1000

trigger,regenTick
target,ttrg_hotbarslot_self
condition,tcond_hb_check_square_var,0,51
set,tset_uservar_switch,u_team,ths0_strengthMult,1,0,0
target,ttrg_players_all
target,ttrg_players_prune,tp#_teamId,==,u_team
set,tset_strength_def
set,tset_hbs_def
addPattern,ipat_assassin_1_ruby,amount,1,time,1000,duration,1000

trigger,regenTick
target,ttrg_hotbarslot_self
condition,tcond_hb_check_square_var,0,52
set,tset_uservar_switch,u_team,ths0_strengthMult,1,0,0
target,ttrg_players_all
target,ttrg_players_prune,tp#_teamId,==,u_team
set,tset_strength_def
set,tset_hbs_def
addPattern,ipat_assassin_1_sapphire,amount,1,time,1000,duration,1000

trigger,regenTick
target,ttrg_hotbarslot_self
condition,tcond_hb_check_square_var,0,53
set,tset_uservar_switch,u_team,ths0_strengthMult,1,0,0
target,ttrg_players_all
target,ttrg_players_prune,tp#_teamId,==,u_team
set,tset_strength_def
set,tset_hbs_def
addPattern,ipat_assassin_2,amount,1,time,1000,duration,1000

trigger,regenTick
target,ttrg_hotbarslot_self
condition,tcond_hb_check_square_var,0,54
set,tset_uservar_switch,u_team,ths0_strengthMult,1,0,0
target,ttrg_players_all
target,ttrg_players_prune,tp#_teamId,==,u_team
set,tset_strength_def
set,tset_hbs_def
addPattern,ipat_assassin_2_opal,amount,1,time,1000,duration,1000

trigger,regenTick
target,ttrg_hotbarslot_self
condition,tcond_hb_check_square_var,0,55
set,tset_uservar_switch,u_team,ths0_strengthMult,1,0,0
target,ttrg_players_all
target,ttrg_players_prune,tp#_teamId,==,u_team
set,tset_strength_def
set,tset_hbs_def
addPattern,ipat_assassin_3,amount,1,time,1000,duration,1000

trigger,regenTick
target,ttrg_hotbarslot_self
condition,tcond_hb_check_square_var,0,56
set,tset_uservar_switch,u_team,ths0_strengthMult,1,0,0
target,ttrg_players_all
target,ttrg_players_prune,tp#_teamId,==,u_team
set,tset_strength_def
set,tset_hbs_def
addPattern,ipat_assassin_3_opal,amount,1,time,1000,duration,1000

trigger,regenTick
target,ttrg_hotbarslot_self
condition,tcond_hb_check_square_var,0,57
set,tset_uservar_switch,u_team,ths0_strengthMult,1,0,0
target,ttrg_players_all
target,ttrg_players_prune,tp#_teamId,==,u_team
set,tset_strength_def
set,tset_hbs_def
addPattern,ipat_assassin_3_ruby,amount,1,time,1000,duration,1000

trigger,regenTick
target,ttrg_hotbarslot_self
condition,tcond_hb_check_square_var,0,58
set,tset_uservar_switch,u_team,ths0_strengthMult,1,0,0
target,ttrg_players_all
target,ttrg_players_prune,tp#_teamId,==,u_team
set,tset_strength_def
set,tset_hbs_def
addPattern,ipat_bruiser_0,amount,1,time,1000,duration,1000

trigger,regenTick
target,ttrg_hotbarslot_self
condition,tcond_hb_check_square_var,0,59
set,tset_uservar_switch,u_team,ths0_strengthMult,1,0,0
target,ttrg_players_all
target,ttrg_players_prune,tp#_teamId,==,u_team
set,tset_strength_def
set,tset_hbs_def
addPattern,ipat_bruiser_0_saph,amount,1,time,1000,duration,1000

trigger,regenTick
target,ttrg_hotbarslot_self
condition,tcond_hb_check_square_var,0,60
set,tset_uservar_switch,u_team,ths0_strengthMult,1,0,0
target,ttrg_players_all
target,ttrg_players_prune,tp#_teamId,==,u_team
set,tset_strength_def
set,tset_hbs_def
addPattern,ipat_bruiser_1,amount,1,time,1000,duration,1000

trigger,regenTick
target,ttrg_hotbarslot_self
condition,tcond_hb_check_square_var,0,61
set,tset_uservar_switch,u_team,ths0_strengthMult,1,0,0
target,ttrg_players_all
target,ttrg_players_prune,tp#_teamId,==,u_team
set,tset_strength_def
set,tset_hbs_def
addPattern,ipat_bruiser_2,amount,1,time,1000,duration,1000

trigger,regenTick
target,ttrg_hotbarslot_self
condition,tcond_hb_check_square_var,0,62
set,tset_uservar_switch,u_team,ths0_strengthMult,1,0,0
target,ttrg_players_all
target,ttrg_players_prune,tp#_teamId,==,u_team
set,tset_strength_def
set,tset_hbs_def
addPattern,ipat_bruiser_3,amount,1,time,1000,duration,1000

trigger,regenTick
target,ttrg_hotbarslot_self
condition,tcond_hb_check_square_var,0,63
set,tset_uservar_switch,u_team,ths0_strengthMult,1,0,0
target,ttrg_players_all
target,ttrg_players_prune,tp#_teamId,==,u_team
set,tset_strength_def
set,tset_hbs_def
addPattern,ipat_bruiser_3_pt2,amount,1,time,1000,duration,1000

trigger,regenTick
target,ttrg_hotbarslot_self
condition,tcond_hb_check_square_var,0,64
set,tset_uservar_switch,u_team,ths0_strengthMult,1,0,0
target,ttrg_players_all
target,ttrg_players_prune,tp#_teamId,==,u_team
set,tset_strength_def
set,tset_hbs_def
addPattern,ipat_bruiser_3_ruby,amount,1,time,1000,duration,1000

trigger,regenTick
target,ttrg_hotbarslot_self
condition,tcond_hb_check_square_var,0,65
set,tset_uservar_switch,u_team,ths0_strengthMult,1,0,0
target,ttrg_players_all
target,ttrg_players_prune,tp#_teamId,==,u_team
set,tset_strength_def
set,tset_hbs_def
addPattern,ipat_dancer_0,amount,1,time,1000,duration,1000

trigger,regenTick
target,ttrg_hotbarslot_self
condition,tcond_hb_check_square_var,0,66
set,tset_uservar_switch,u_team,ths0_strengthMult,1,0,0
target,ttrg_players_all
target,ttrg_players_prune,tp#_teamId,==,u_team
set,tset_strength_def
set,tset_hbs_def
addPattern,ipat_dancer_0_opal,amount,1,time,1000,duration,1000

trigger,regenTick
target,ttrg_hotbarslot_self
condition,tcond_hb_check_square_var,0,67
set,tset_uservar_switch,u_team,ths0_strengthMult,1,0,0
target,ttrg_players_all
target,ttrg_players_prune,tp#_teamId,==,u_team
set,tset_strength_def
set,tset_hbs_def
addPattern,ipat_dancer_1,amount,1,time,1000,duration,1000

trigger,regenTick
target,ttrg_hotbarslot_self
condition,tcond_hb_check_square_var,0,68
set,tset_uservar_switch,u_team,ths0_strengthMult,1,0,0
target,ttrg_players_all
target,ttrg_players_prune,tp#_teamId,==,u_team
set,tset_strength_def
set,tset_hbs_def
addPattern,ipat_dancer_1_emerald,amount,1,time,1000,duration,1000

trigger,regenTick
target,ttrg_hotbarslot_self
condition,tcond_hb_check_square_var,0,69
set,tset_uservar_switch,u_team,ths0_strengthMult,1,0,0
target,ttrg_players_all
target,ttrg_players_prune,tp#_teamId,==,u_team
set,tset_strength_def
set,tset_hbs_def
addPattern,ipat_dancer_2,amount,1,time,1000,duration,1000

trigger,regenTick
target,ttrg_hotbarslot_self
condition,tcond_hb_check_square_var,0,70
set,tset_uservar_switch,u_team,ths0_strengthMult,1,0,0
target,ttrg_players_all
target,ttrg_players_prune,tp#_teamId,==,u_team
set,tset_strength_def
set,tset_hbs_def
addPattern,ipat_dancer_2_saph,amount,1,time,1000,duration,1000

trigger,regenTick
target,ttrg_hotbarslot_self
condition,tcond_hb_check_square_var,0,71
set,tset_uservar_switch,u_team,ths0_strengthMult,1,0,0
target,ttrg_players_all
target,ttrg_players_prune,tp#_teamId,==,u_team
set,tset_strength_def
set,tset_hbs_def
addPattern,ipat_dancer_3,amount,1,time,1000,duration,1000

trigger,regenTick
target,ttrg_hotbarslot_self
condition,tcond_hb_check_square_var,0,72
set,tset_uservar_switch,u_team,ths0_strengthMult,1,0,0
target,ttrg_players_all
target,ttrg_players_prune,tp#_teamId,==,u_team
set,tset_strength_def
set,tset_hbs_def
addPattern,ipat_dancer_3_emerald,amount,1,time,1000,duration,1000

trigger,regenTick
target,ttrg_hotbarslot_self
condition,tcond_hb_check_square_var,0,73
set,tset_uservar_switch,u_team,ths0_strengthMult,1,0,0
target,ttrg_players_all
target,ttrg_players_prune,tp#_teamId,==,u_team
set,tset_strength_def
set,tset_hbs_def
addPattern,ipat_defender_0,amount,1,time,1000,duration,1000

trigger,regenTick
target,ttrg_hotbarslot_self
condition,tcond_hb_check_square_var,0,74
set,tset_uservar_switch,u_team,ths0_strengthMult,1,0,0
target,ttrg_players_all
target,ttrg_players_prune,tp#_teamId,==,u_team
set,tset_strength_def
set,tset_hbs_def
addPattern,ipat_defender_0_fast,amount,1,time,1000,duration,1000

trigger,regenTick
target,ttrg_hotbarslot_self
condition,tcond_hb_check_square_var,0,75
set,tset_uservar_switch,u_team,ths0_strengthMult,1,0,0
target,ttrg_players_all
target,ttrg_players_prune,tp#_teamId,==,u_team
set,tset_strength_def
set,tset_hbs_def
addPattern,ipat_defender_0_ruby,amount,1,time,1000,duration,1000

trigger,regenTick
target,ttrg_hotbarslot_self
condition,tcond_hb_check_square_var,0,76
set,tset_uservar_switch,u_team,ths0_strengthMult,1,0,0
target,ttrg_players_all
target,ttrg_players_prune,tp#_teamId,==,u_team
set,tset_strength_def
set,tset_hbs_def
addPattern,ipat_defender_1,amount,1,time,1000,duration,1000

trigger,regenTick
target,ttrg_hotbarslot_self
condition,tcond_hb_check_square_var,0,77
set,tset_uservar_switch,u_team,ths0_strengthMult,1,0,0
target,ttrg_players_all
target,ttrg_players_prune,tp#_teamId,==,u_team
set,tset_strength_def
set,tset_hbs_def
addPattern,ipat_defender_1_opal,amount,1,time,1000,duration,1000

trigger,regenTick
target,ttrg_hotbarslot_self
condition,tcond_hb_check_square_var,0,78
set,tset_uservar_switch,u_team,ths0_strengthMult,1,0,0
target,ttrg_players_all
target,ttrg_players_prune,tp#_teamId,==,u_team
set,tset_strength_def
set,tset_hbs_def
addPattern,ipat_defender_1_saph,amount,1,time,1000,duration,1000

trigger,regenTick
target,ttrg_hotbarslot_self
condition,tcond_hb_check_square_var,0,79
set,tset_uservar_switch,u_team,ths0_strengthMult,1,0,0
target,ttrg_players_all
target,ttrg_players_prune,tp#_teamId,==,u_team
set,tset_strength_def
set,tset_hbs_def
addPattern,ipat_defender_2,amount,1,time,1000,duration,1000

trigger,regenTick
target,ttrg_hotbarslot_self
condition,tcond_hb_check_square_var,0,80
set,tset_uservar_switch,u_team,ths0_strengthMult,1,0,0
target,ttrg_players_all
target,ttrg_players_prune,tp#_teamId,==,u_team
set,tset_strength_def
set,tset_hbs_def
addPattern,ipat_defender_2_emerald,amount,1,time,1000,duration,1000

trigger,regenTick
target,ttrg_hotbarslot_self
condition,tcond_hb_check_square_var,0,81
set,tset_uservar_switch,u_team,ths0_strengthMult,1,0,0
target,ttrg_players_all
target,ttrg_players_prune,tp#_teamId,==,u_team
set,tset_strength_def
set,tset_hbs_def
addPattern,ipat_defender_3,amount,1,time,1000,duration,1000

trigger,regenTick
target,ttrg_hotbarslot_self
condition,tcond_hb_check_square_var,0,82
set,tset_uservar_switch,u_team,ths0_strengthMult,1,0,0
target,ttrg_players_all
target,ttrg_players_prune,tp#_teamId,==,u_team
set,tset_strength_def
set,tset_hbs_def
addPattern,ipat_defender_3_pt2,amount,1,time,1000,duration,1000

trigger,regenTick
target,ttrg_hotbarslot_self
condition,tcond_hb_check_square_var,0,83
set,tset_uservar_switch,u_team,ths0_strengthMult,1,0,0
target,ttrg_players_all
target,ttrg_players_prune,tp#_teamId,==,u_team
set,tset_strength_def
set,tset_hbs_def
addPattern,ipat_druid_0,amount,1,time,10000,duration,10000

trigger,regenTick
target,ttrg_hotbarslot_self
condition,tcond_hb_check_square_var,0,84
set,tset_uservar_switch,u_team,ths0_strengthMult,1,0,0
target,ttrg_players_all
target,ttrg_players_prune,tp#_teamId,==,u_team
set,tset_strength_def
set,tset_hbs_def
addPattern,ipat_druid_0_emerald,amount,1,time,10000,duration,10000

trigger,regenTick
target,ttrg_hotbarslot_self
condition,tcond_hb_check_square_var,0,85
set,tset_uservar_switch,u_team,ths0_strengthMult,1,0,0
target,ttrg_players_all
target,ttrg_players_prune,tp#_teamId,==,u_team
set,tset_strength_def
set,tset_hbs_def
addPattern,ipat_druid_0_ruby,amount,1,time,10000,duration,10000

trigger,regenTick
target,ttrg_hotbarslot_self
condition,tcond_hb_check_square_var,0,86
set,tset_uservar_switch,u_team,ths0_strengthMult,1,0,0
target,ttrg_players_all
target,ttrg_players_prune,tp#_teamId,==,u_team
set,tset_strength_def
set,tset_hbs_def
addPattern,ipat_druid_0_saph,amount,1,time,10000,duration,10000

trigger,regenTick
target,ttrg_hotbarslot_self
condition,tcond_hb_check_square_var,0,87
set,tset_uservar_switch,u_team,ths0_strengthMult,1,0,0
target,ttrg_players_all
target,ttrg_players_prune,tp#_teamId,==,u_team
set,tset_strength_def
set,tset_hbs_def
addPattern,ipat_druid_1,amount,1,time,10000,duration,10000

trigger,regenTick
target,ttrg_hotbarslot_self
condition,tcond_hb_check_square_var,0,88
set,tset_uservar_switch,u_team,ths0_strengthMult,1,0,0
target,ttrg_players_all
target,ttrg_players_prune,tp#_teamId,==,u_team
set,tset_strength_def
set,tset_hbs_def
addPattern,ipat_druid_1_emerald,amount,1,time,10000,duration,10000

trigger,regenTick
target,ttrg_hotbarslot_self
condition,tcond_hb_check_square_var,0,89
set,tset_uservar_switch,u_team,ths0_strengthMult,1,0,0
target,ttrg_players_all
target,ttrg_players_prune,tp#_teamId,==,u_team
set,tset_strength_def
set,tset_hbs_def
addPattern,ipat_druid_1_garnet,amount,1,time,10000,duration,10000

trigger,regenTick
target,ttrg_hotbarslot_self
condition,tcond_hb_check_square_var,0,90
set,tset_uservar_switch,u_team,ths0_strengthMult,1,0,0
target,ttrg_players_all
target,ttrg_players_prune,tp#_teamId,==,u_team
set,tset_strength_def
set,tset_hbs_def
addPattern,ipat_druid_1_ruby,amount,1,time,10000,duration,10000

trigger,regenTick
target,ttrg_hotbarslot_self
condition,tcond_hb_check_square_var,0,91
set,tset_uservar_switch,u_team,ths0_strengthMult,1,0,0
target,ttrg_players_all
target,ttrg_players_prune,tp#_teamId,==,u_team
set,tset_strength_def
set,tset_hbs_def
addPattern,ipat_druid_2,amount,1,time,10000,duration,10000

trigger,regenTick
target,ttrg_hotbarslot_self
condition,tcond_hb_check_square_var,0,92
set,tset_uservar_switch,u_team,ths0_strengthMult,1,0,0
target,ttrg_players_all
target,ttrg_players_prune,tp#_teamId,==,u_team
set,tset_strength_def
set,tset_hbs_def
addPattern,ipat_druid_2_2,amount,1,time,10000,duration,10000

trigger,regenTick
target,ttrg_hotbarslot_self
condition,tcond_hb_check_square_var,0,93
set,tset_uservar_switch,u_team,ths0_strengthMult,1,0,0
target,ttrg_players_all
target,ttrg_players_prune,tp#_teamId,==,u_team
set,tset_strength_def
set,tset_hbs_def
addPattern,ipat_druid_2_2_garnet,amount,1,time,10000,duration,10000

trigger,regenTick
target,ttrg_hotbarslot_self
condition,tcond_hb_check_square_var,0,94
set,tset_uservar_switch,u_team,ths0_strengthMult,1,0,0
target,ttrg_players_all
target,ttrg_players_prune,tp#_teamId,==,u_team
set,tset_strength_def
set,tset_hbs_def
addPattern,ipat_druid_2_garnet,amount,1,time,10000,duration,10000

trigger,regenTick
target,ttrg_hotbarslot_self
condition,tcond_hb_check_square_var,0,95
set,tset_uservar_switch,u_team,ths0_strengthMult,1,0,0
target,ttrg_players_all
target,ttrg_players_prune,tp#_teamId,==,u_team
set,tset_strength_def
set,tset_hbs_def
addPattern,ipat_druid_2_ruby,amount,1,time,10000,duration,10000

trigger,regenTick
target,ttrg_hotbarslot_self
condition,tcond_hb_check_square_var,0,96
set,tset_uservar_switch,u_team,ths0_strengthMult,1,0,0
target,ttrg_players_all
target,ttrg_players_prune,tp#_teamId,==,u_team
set,tset_strength_def
set,tset_hbs_def
addPattern,ipat_druid_3,amount,1,time,10000,duration,10000

trigger,regenTick
target,ttrg_hotbarslot_self
condition,tcond_hb_check_square_var,0,97
set,tset_uservar_switch,u_team,ths0_strengthMult,1,0,0
target,ttrg_players_all
target,ttrg_players_prune,tp#_teamId,==,u_team
set,tset_strength_def
set,tset_hbs_def
addPattern,ipat_druid_3_emerald,amount,1,time,10000,duration,10000

trigger,regenTick
target,ttrg_hotbarslot_self
condition,tcond_hb_check_square_var,0,98
set,tset_uservar_switch,u_team,ths0_strengthMult,1,0,0
target,ttrg_players_all
target,ttrg_players_prune,tp#_teamId,==,u_team
set,tset_strength_def
set,tset_hbs_def
addPattern,ipat_druid_3_opal,amount,1,time,10000,duration,10000

trigger,regenTick
target,ttrg_hotbarslot_self
condition,tcond_hb_check_square_var,0,99
set,tset_uservar_switch,u_team,ths0_strengthMult,1,0,0
target,ttrg_players_all
target,ttrg_players_prune,tp#_teamId,==,u_team
set,tset_strength_def
set,tset_hbs_def
addPattern,ipat_druid_3_ruby,amount,1,time,10000,duration,10000

trigger,regenTick
target,ttrg_hotbarslot_self
condition,tcond_hb_check_square_var,0,100
set,tset_uservar_switch,u_team,ths0_strengthMult,1,0,0
target,ttrg_players_all
target,ttrg_players_prune,tp#_teamId,==,u_team
set,tset_strength_def
set,tset_hbs_def
addPattern,ipat_druid_3_saph,amount,1,time,10000,duration,10000

trigger,regenTick
target,ttrg_hotbarslot_self
condition,tcond_hb_check_square_var,0,101
set,tset_uservar_switch,u_team,ths0_strengthMult,1,0,0
target,ttrg_players_all
target,ttrg_players_prune,tp#_teamId,==,u_team
set,tset_strength_def
set,tset_hbs_def
addPattern,ipat_hblade_0,amount,1,time,1000,duration,1000

trigger,regenTick
target,ttrg_hotbarslot_self
condition,tcond_hb_check_square_var,0,102
set,tset_uservar_switch,u_team,ths0_strengthMult,1,0,0
target,ttrg_players_all
target,ttrg_players_prune,tp#_teamId,==,u_team
set,tset_strength_def
set,tset_hbs_def
addPattern,ipat_hblade_0_garnet,amount,1,time,1000,duration,1000

trigger,regenTick
target,ttrg_hotbarslot_self
condition,tcond_hb_check_square_var,0,103
set,tset_uservar_switch,u_team,ths0_strengthMult,1,0,0
target,ttrg_players_all
target,ttrg_players_prune,tp#_teamId,==,u_team
set,tset_strength_def
set,tset_hbs_def
addPattern,ipat_hblade_0_garnet_pt2,amount,1,time,1000,duration,1000

trigger,regenTick
target,ttrg_hotbarslot_self
condition,tcond_hb_check_square_var,0,104
set,tset_uservar_switch,u_team,ths0_strengthMult,1,0,0
target,ttrg_players_all
target,ttrg_players_prune,tp#_teamId,==,u_team
set,tset_strength_def
set,tset_hbs_def
addPattern,ipat_hblade_1,amount,1,time,1000,duration,1000

trigger,regenTick
target,ttrg_hotbarslot_self
condition,tcond_hb_check_square_var,0,105
set,tset_uservar_switch,u_team,ths0_strengthMult,1,0,0
target,ttrg_players_all
target,ttrg_players_prune,tp#_teamId,==,u_team
set,tset_strength_def
set,tset_hbs_def
addPattern,ipat_hblade_1_garnet,amount,1,time,1000,duration,1000

trigger,regenTick
target,ttrg_hotbarslot_self
condition,tcond_hb_check_square_var,0,106
set,tset_uservar_switch,u_team,ths0_strengthMult,1,0,0
target,ttrg_players_all
target,ttrg_players_prune,tp#_teamId,==,u_team
set,tset_strength_def
set,tset_hbs_def
addPattern,ipat_hblade_1_ruby,amount,1,time,1000,duration,1000

trigger,regenTick
target,ttrg_hotbarslot_self
condition,tcond_hb_check_square_var,0,107
set,tset_uservar_switch,u_team,ths0_strengthMult,1,0,0
target,ttrg_players_all
target,ttrg_players_prune,tp#_teamId,==,u_team
set,tset_strength_def
set,tset_hbs_def
addPattern,ipat_hblade_1_saph,amount,1,time,1000,duration,1000

trigger,regenTick
target,ttrg_hotbarslot_self
condition,tcond_hb_check_square_var,0,108
set,tset_uservar_switch,u_team,ths0_strengthMult,1,0,0
target,ttrg_players_all
target,ttrg_players_prune,tp#_teamId,==,u_team
set,tset_strength_def
set,tset_hbs_def
addPattern,ipat_hblade_2,amount,1,time,1000,duration,1000

trigger,regenTick
target,ttrg_hotbarslot_self
condition,tcond_hb_check_square_var,0,109
set,tset_uservar_switch,u_team,ths0_strengthMult,1,0,0
target,ttrg_players_all
target,ttrg_players_prune,tp#_teamId,==,u_team
set,tset_strength_def
set,tset_hbs_def
addPattern,ipat_hblade_2_emerald,amount,1,time,1000,duration,1000

trigger,regenTick
target,ttrg_hotbarslot_self
condition,tcond_hb_check_square_var,0,110
set,tset_uservar_switch,u_team,ths0_strengthMult,1,0,0
target,ttrg_players_all
target,ttrg_players_prune,tp#_teamId,==,u_team
set,tset_strength_def
set,tset_hbs_def
addPattern,ipat_hblade_2_pt2,amount,1,time,1000,duration,1000

trigger,regenTick
target,ttrg_hotbarslot_self
condition,tcond_hb_check_square_var,0,111
set,tset_uservar_switch,u_team,ths0_strengthMult,1,0,0
target,ttrg_players_all
target,ttrg_players_prune,tp#_teamId,==,u_team
set,tset_strength_def
set,tset_hbs_def
addPattern,ipat_hblade_3,amount,1,time,1000,duration,1000

trigger,regenTick
target,ttrg_hotbarslot_self
condition,tcond_hb_check_square_var,0,112
set,tset_uservar_switch,u_team,ths0_strengthMult,1,0,0
target,ttrg_players_all
target,ttrg_players_prune,tp#_teamId,==,u_team
set,tset_strength_def
set,tset_hbs_def
addPattern,ipat_hblade_3_garnet,amount,1,time,1000,duration,1000

trigger,regenTick
target,ttrg_hotbarslot_self
condition,tcond_hb_check_square_var,0,113
set,tset_uservar_switch,u_team,ths0_strengthMult,1,0,0
target,ttrg_players_all
target,ttrg_players_prune,tp#_teamId,==,u_team
set,tset_strength_def
set,tset_hbs_def
addPattern,ipat_hblade_3_opal,amount,1,time,1000,duration,1000

trigger,regenTick
target,ttrg_hotbarslot_self
condition,tcond_hb_check_square_var,0,114
set,tset_uservar_switch,u_team,ths0_strengthMult,1,0,0
target,ttrg_players_all
target,ttrg_players_prune,tp#_teamId,==,u_team
set,tset_strength_def
set,tset_hbs_def
addPattern,ipat_hblade_3_ruby,amount,1,time,1000,duration,1000

trigger,regenTick
target,ttrg_hotbarslot_self
condition,tcond_hb_check_square_var,0,115
set,tset_uservar_switch,u_team,ths0_strengthMult,1,0,0
target,ttrg_players_all
target,ttrg_players_prune,tp#_teamId,==,u_team
set,tset_strength_def
set,tset_hbs_def
addPattern,ipat_sniper_0,amount,1,time,1000,duration,1000

trigger,regenTick
target,ttrg_hotbarslot_self
condition,tcond_hb_check_square_var,0,116
set,tset_uservar_switch,u_team,ths0_strengthMult,1,0,0
target,ttrg_players_all
target,ttrg_players_prune,tp#_teamId,==,u_team
set,tset_strength_def
set,tset_hbs_def
addPattern,ipat_sniper_0_emerald,amount,1,time,1000,duration,1000

trigger,regenTick
target,ttrg_hotbarslot_self
condition,tcond_hb_check_square_var,0,117
set,tset_uservar_switch,u_team,ths0_strengthMult,1,0,0
target,ttrg_players_all
target,ttrg_players_prune,tp#_teamId,==,u_team
set,tset_strength_def
set,tset_hbs_def
addPattern,ipat_sniper_0_garnet,amount,1,time,1000,duration,1000

trigger,regenTick
target,ttrg_hotbarslot_self
condition,tcond_hb_check_square_var,0,118
set,tset_uservar_switch,u_team,ths0_strengthMult,1,0,0
target,ttrg_players_all
target,ttrg_players_prune,tp#_teamId,==,u_team
set,tset_strength_def
set,tset_hbs_def
addPattern,ipat_sniper_0_saph,amount,1,time,1000,duration,1000

trigger,regenTick
target,ttrg_hotbarslot_self
condition,tcond_hb_check_square_var,0,119
set,tset_uservar_switch,u_team,ths0_strengthMult,1,0,0
target,ttrg_players_all
target,ttrg_players_prune,tp#_teamId,==,u_team
set,tset_strength_def
set,tset_hbs_def
addPattern,ipat_sniper_1,amount,1,time,1000,duration,1000

trigger,regenTick
target,ttrg_hotbarslot_self
condition,tcond_hb_check_square_var,0,120
set,tset_uservar_switch,u_team,ths0_strengthMult,1,0,0
target,ttrg_players_all
target,ttrg_players_prune,tp#_teamId,==,u_team
set,tset_strength_def
set,tset_hbs_def
addPattern,ipat_sniper_1_ruby,amount,1,time,1000,duration,1000

trigger,regenTick
target,ttrg_hotbarslot_self
condition,tcond_hb_check_square_var,0,121
set,tset_uservar_switch,u_team,ths0_strengthMult,1,0,0
target,ttrg_players_all
target,ttrg_players_prune,tp#_teamId,==,u_team
set,tset_strength_def
set,tset_hbs_def
addPattern,ipat_sniper_2,amount,1,time,1000,duration,1000

trigger,regenTick
target,ttrg_hotbarslot_self
condition,tcond_hb_check_square_var,0,122
set,tset_uservar_switch,u_team,ths0_strengthMult,1,0,0
target,ttrg_players_all
target,ttrg_players_prune,tp#_teamId,==,u_team
set,tset_strength_def
set,tset_hbs_def
addPattern,ipat_sniper_2_emerald,amount,1,time,1000,duration,1000

trigger,regenTick
target,ttrg_hotbarslot_self
condition,tcond_hb_check_square_var,0,123
set,tset_uservar_switch,u_team,ths0_strengthMult,1,0,0
target,ttrg_players_all
target,ttrg_players_prune,tp#_teamId,==,u_team
set,tset_strength_def
set,tset_hbs_def
addPattern,ipat_sniper_3,amount,1,time,1000,duration,1000

trigger,regenTick
target,ttrg_hotbarslot_self
condition,tcond_hb_check_square_var,0,124
set,tset_uservar_switch,u_team,ths0_strengthMult,1,0,0
target,ttrg_players_all
target,ttrg_players_prune,tp#_teamId,==,u_team
set,tset_strength_def
set,tset_hbs_def
addPattern,ipat_spsword_0,amount,1,time,1000,duration,1000

trigger,regenTick
target,ttrg_hotbarslot_self
condition,tcond_hb_check_square_var,0,125
set,tset_uservar_switch,u_team,ths0_strengthMult,1,0,0
target,ttrg_players_all
target,ttrg_players_prune,tp#_teamId,==,u_team
set,tset_strength_def
set,tset_hbs_def
addPattern,ipat_spsword_0_pt2,amount,1,time,1000,duration,1000

trigger,regenTick
target,ttrg_hotbarslot_self
condition,tcond_hb_check_square_var,0,126
set,tset_uservar_switch,u_team,ths0_strengthMult,1,0,0
target,ttrg_players_all
target,ttrg_players_prune,tp#_teamId,==,u_team
set,tset_strength_def
set,tset_hbs_def
addPattern,ipat_spsword_1,amount,1,time,1000,duration,1000

trigger,regenTick
target,ttrg_hotbarslot_self
condition,tcond_hb_check_square_var,0,127
set,tset_uservar_switch,u_team,ths0_strengthMult,1,0,0
target,ttrg_players_all
target,ttrg_players_prune,tp#_teamId,==,u_team
set,tset_strength_def
set,tset_hbs_def
addPattern,ipat_spsword_1_emerald,amount,1,time,1000,duration,1000

trigger,regenTick
target,ttrg_hotbarslot_self
condition,tcond_hb_check_square_var,0,128
set,tset_uservar_switch,u_team,ths0_strengthMult,1,0,0
target,ttrg_players_all
target,ttrg_players_prune,tp#_teamId,==,u_team
set,tset_strength_def
set,tset_hbs_def
addPattern,ipat_spsword_1_pt2,amount,1,time,1000,duration,1000

trigger,regenTick
target,ttrg_hotbarslot_self
condition,tcond_hb_check_square_var,0,129
set,tset_uservar_switch,u_team,ths0_strengthMult,1,0,0
target,ttrg_players_all
target,ttrg_players_prune,tp#_teamId,==,u_team
set,tset_strength_def
set,tset_hbs_def
addPattern,ipat_spsword_2,amount,1,time,1000,duration,1000

trigger,regenTick
target,ttrg_hotbarslot_self
condition,tcond_hb_check_square_var,0,130
set,tset_uservar_switch,u_team,ths0_strengthMult,1,0,0
target,ttrg_players_all
target,ttrg_players_prune,tp#_teamId,==,u_team
set,tset_strength_def
set,tset_hbs_def
addPattern,ipat_spsword_2_pt2,amount,1,time,1000,duration,1000

trigger,regenTick
target,ttrg_hotbarslot_self
condition,tcond_hb_check_square_var,0,131
set,tset_uservar_switch,u_team,ths0_strengthMult,1,0,0
target,ttrg_players_all
target,ttrg_players_prune,tp#_teamId,==,u_team
set,tset_strength_def
set,tset_hbs_def
addPattern,ipat_spsword_3,amount,1,time,1000,duration,1000

trigger,regenTick
target,ttrg_hotbarslot_self
condition,tcond_hb_check_square_var,0,132
set,tset_uservar_switch,u_team,ths0_strengthMult,1,0,0
target,ttrg_players_all
target,ttrg_players_prune,tp#_teamId,==,u_team
set,tset_strength_def
set,tset_hbs_def
addPattern,ipat_spsword_3_pt2,amount,1,time,1000,duration,1000

trigger,regenTick
target,ttrg_hotbarslot_self
condition,tcond_hb_check_square_var,0,133
set,tset_uservar_switch,u_team,ths0_strengthMult,1,0,0
target,ttrg_players_all
target,ttrg_players_prune,tp#_teamId,==,u_team
set,tset_strength_def
set,tset_hbs_def
addPattern,ipat_wizard_0,amount,1,time,1000,duration,1000

trigger,regenTick
target,ttrg_hotbarslot_self
condition,tcond_hb_check_square_var,0,134
set,tset_uservar_switch,u_team,ths0_strengthMult,1,0,0
target,ttrg_players_all
target,ttrg_players_prune,tp#_teamId,==,u_team
set,tset_strength_def
set,tset_hbs_def
addPattern,ipat_wizard_0_ruby,amount,1,time,1000,duration,1000

trigger,regenTick
target,ttrg_hotbarslot_self
condition,tcond_hb_check_square_var,0,135
set,tset_uservar_switch,u_team,ths0_strengthMult,1,0,0
target,ttrg_players_all
target,ttrg_players_prune,tp#_teamId,==,u_team
set,tset_strength_def
set,tset_hbs_def
addPattern,ipat_wizard_1,amount,1,time,1000,duration,1000

trigger,regenTick
target,ttrg_hotbarslot_self
condition,tcond_hb_check_square_var,0,136
set,tset_uservar_switch,u_team,ths0_strengthMult,1,0,0
target,ttrg_players_all
target,ttrg_players_prune,tp#_teamId,==,u_team
set,tset_strength_def
set,tset_hbs_def
addPattern,ipat_wizard_1_garnet,amount,1,time,1000,duration,1000

trigger,regenTick
target,ttrg_hotbarslot_self
condition,tcond_hb_check_square_var,0,137
set,tset_uservar_switch,u_team,ths0_strengthMult,1,0,0
target,ttrg_players_all
target,ttrg_players_prune,tp#_teamId,==,u_team
set,tset_strength_def
set,tset_hbs_def
addPattern,ipat_wizard_1_garnet_pt2,amount,1,time,1000,duration,1000

trigger,regenTick
target,ttrg_hotbarslot_self
condition,tcond_hb_check_square_var,0,138
set,tset_uservar_switch,u_team,ths0_strengthMult,1,0,0
target,ttrg_players_all
target,ttrg_players_prune,tp#_teamId,==,u_team
set,tset_strength_def
set,tset_hbs_def
addPattern,ipat_wizard_1_opal,amount,1,time,1000,duration,1000

trigger,regenTick
target,ttrg_hotbarslot_self
condition,tcond_hb_check_square_var,0,139
set,tset_uservar_switch,u_team,ths0_strengthMult,1,0,0
target,ttrg_players_all
target,ttrg_players_prune,tp#_teamId,==,u_team
set,tset_strength_def
set,tset_hbs_def
addPattern,ipat_wizard_2,amount,1,time,1000,duration,1000

trigger,regenTick
target,ttrg_hotbarslot_self
condition,tcond_hb_check_square_var,0,140
set,tset_uservar_switch,u_team,ths0_strengthMult,1,0,0
target,ttrg_players_all
target,ttrg_players_prune,tp#_teamId,==,u_team
set,tset_strength_def
set,tset_hbs_def
addPattern,ipat_wizard_2_saph,amount,1,time,1000,duration,1000

trigger,regenTick
target,ttrg_hotbarslot_self
condition,tcond_hb_check_square_var,0,141
set,tset_uservar_switch,u_team,ths0_strengthMult,1,0,0
target,ttrg_players_all
target,ttrg_players_prune,tp#_teamId,==,u_team
set,tset_strength_def
set,tset_hbs_def
addPattern,ipat_wizard_3,amount,1,time,1000,duration,1000

trigger,regenTick
target,ttrg_hotbarslot_self
condition,tcond_hb_check_square_var,0,142
set,tset_uservar_switch,u_team,ths0_strengthMult,1,0,0
target,ttrg_players_all
target,ttrg_players_prune,tp#_teamId,==,u_team
set,tset_strength_def
set,tset_hbs_def
addPattern,ipat_wizard_3_emerald,amount,1,time,1000,duration,1000

trigger,regenTick
target,ttrg_hotbarslot_self
condition,tcond_hb_check_square_var,0,143
set,tset_uservar_switch,u_team,ths0_strengthMult,1,0,0
target,ttrg_players_all
target,ttrg_players_prune,tp#_teamId,==,u_team
set,tset_strength_def
set,tset_hbs_def
addPattern,ipat_wizard_3_opal,amount,1,time,1000,duration,1000

trigger,regenTick
target,ttrg_hotbarslot_self
condition,tcond_hb_check_square_var,0,144
set,tset_uservar_switch,u_team,ths0_strengthMult,1,0,0
target,ttrg_players_all
target,ttrg_players_prune,tp#_teamId,==,u_team
set,tset_strength_def
set,tset_hbs_def
addPattern,ipat_ancient_0,amount,1,time,1000,duration,1000

trigger,regenTick
target,ttrg_hotbarslot_self
condition,tcond_hb_check_square_var,0,145
set,tset_uservar_switch,u_team,ths0_strengthMult,1,0,0
target,ttrg_players_all
target,ttrg_players_prune,tp#_teamId,==,u_team
set,tset_strength_def
set,tset_hbs_def
addPattern,ipat_ancient_0_petonly,amount,1,time,1000,duration,1000

trigger,regenTick
target,ttrg_hotbarslot_self
condition,tcond_hb_check_square_var,0,146
set,tset_uservar_switch,u_team,ths0_strengthMult,1,0,0
target,ttrg_players_all
target,ttrg_players_prune,tp#_teamId,==,u_team
set,tset_strength_def
set,tset_hbs_def
addPattern,ipat_ancient_0_pt2,amount,1,time,1000,duration,1000

trigger,regenTick
target,ttrg_hotbarslot_self
condition,tcond_hb_check_square_var,0,147
set,tset_uservar_switch,u_team,ths0_strengthMult,1,0,0
target,ttrg_players_all
target,ttrg_players_prune,tp#_teamId,==,u_team
set,tset_strength_def
set,tset_hbs_def
addPattern,ipat_ancient_0_rabbitonly,amount,1,time,1000,duration,1000

trigger,regenTick
target,ttrg_hotbarslot_self
condition,tcond_hb_check_square_var,0,148
set,tset_uservar_switch,u_team,ths0_strengthMult,1,0,0
target,ttrg_players_all
target,ttrg_players_prune,tp#_teamId,==,u_team
set,tset_strength_def
set,tset_hbs_def
addPattern,ipat_ancient_1,amount,1,time,1000,duration,1000

trigger,regenTick
target,ttrg_hotbarslot_self
condition,tcond_hb_check_square_var,0,149
set,tset_uservar_switch,u_team,ths0_strengthMult,1,0,0
target,ttrg_players_all
target,ttrg_players_prune,tp#_teamId,==,u_team
set,tset_strength_def
set,tset_hbs_def
addPattern,ipat_ancient_1_auto,amount,1,time,1000,duration,1000

trigger,regenTick
target,ttrg_hotbarslot_self
condition,tcond_hb_check_square_var,0,150
set,tset_uservar_switch,u_team,ths0_strengthMult,1,0,0
target,ttrg_players_all
target,ttrg_players_prune,tp#_teamId,==,u_team
set,tset_strength_def
set,tset_hbs_def
addPattern,ipat_ancient_1_pt2,amount,1,time,1000,duration,1000

trigger,regenTick
target,ttrg_hotbarslot_self
condition,tcond_hb_check_square_var,0,151
set,tset_uservar_switch,u_team,ths0_strengthMult,1,0,0
target,ttrg_players_all
target,ttrg_players_prune,tp#_teamId,==,u_team
set,tset_strength_def
set,tset_hbs_def
addPattern,ipat_ancient_2,amount,1,time,1000,duration,1000

trigger,regenTick
target,ttrg_hotbarslot_self
condition,tcond_hb_check_square_var,0,152
set,tset_uservar_switch,u_team,ths0_strengthMult,1,0,0
target,ttrg_players_all
target,ttrg_players_prune,tp#_teamId,==,u_team
set,tset_strength_def
set,tset_hbs_def
addPattern,ipat_ancient_2_auto,amount,1,time,1000,duration,1000

trigger,regenTick
target,ttrg_hotbarslot_self
condition,tcond_hb_check_square_var,0,153
set,tset_uservar_switch,u_team,ths0_strengthMult,1,0,0
target,ttrg_players_all
target,ttrg_players_prune,tp#_teamId,==,u_team
set,tset_strength_def
set,tset_hbs_def
addPattern,ipat_ancient_2_pt2,amount,1,time,1000,duration,1000

trigger,regenTick
target,ttrg_hotbarslot_self
condition,tcond_hb_check_square_var,0,154
set,tset_uservar_switch,u_team,ths0_strengthMult,1,0,0
target,ttrg_players_all
target,ttrg_players_prune,tp#_teamId,==,u_team
set,tset_strength_def
set,tset_hbs_def
addPattern,ipat_ancient_3,amount,1,time,1000,duration,1000

trigger,regenTick
target,ttrg_hotbarslot_self
condition,tcond_hb_check_square_var,0,155
set,tset_uservar_switch,u_team,ths0_strengthMult,1,0,0
target,ttrg_players_all
target,ttrg_players_prune,tp#_teamId,==,u_team
set,tset_strength_def
set,tset_hbs_def
addPattern,ipat_ancient_3_emerald,amount,1,time,1000,duration,1000

trigger,regenTick
target,ttrg_hotbarslot_self
condition,tcond_hb_check_square_var,0,156
set,tset_uservar_switch,u_team,ths0_strengthMult,1,0,0
target,ttrg_players_all
target,ttrg_players_prune,tp#_teamId,==,u_team
set,tset_strength_def
set,tset_hbs_def
addPattern,ipat_ancient_3_emerald_pt2,amount,1,time,1000,duration,1000

trigger,regenTick
target,ttrg_hotbarslot_self
condition,tcond_hb_check_square_var,0,157
set,tset_uservar_switch,u_team,ths0_strengthMult,1,0,0
target,ttrg_players_all
target,ttrg_players_prune,tp#_teamId,==,u_team
set,tset_strength_def
set,tset_hbs_def
addPattern,ipat_ancient_3_emerald_pt3,amount,1,time,1000,duration,1000
